submission,score
MP,26.687449430020994
BTGH,27.219973549166784
TBGAM,27.571952363987354
BM,27.86369456687322
JMS,28.54064345257878
DTO,29.428852907595108
TH,30.13399858974937
CMN,30.487880713563413
BP,30.890979521732877
KG,31.08409708312688
GA,32.60687030221386
AM,70.38038974292068
