submission,score
MP,24.90653604786488
BTGH,24.97878975170974
TBGAM,25.615859492414025
BM,25.66481645471032
JMS,25.746832220914314
BP,26.522284189516455
TH,26.551601402615173
DTO,27.271995617544757
CMN,27.967313823466853
KG,28.463472962817153
GA,28.97189824677222
AM,59.91761057883028
