submission,score
MP,37.85577215794394
BTGH,39.34275680288011
CC,39.97134325193285
TBGAM,39.99930660971576
BM,40.750355150604854
DTO,43.49381203434413
JMS,43.67659343489916
GA,45.21922843120388
SE,45.464313095916
CMN,45.920240307242224
BP,46.173292003968065
TH,46.300237115276595
KG,69.80221189875951
AM,91.18561696006753
