submission,score
MP,14.830524864879605
BM,15.082212676040559
TBGAM,15.959613506027575
BTGH,16.110758885686696
JMS,16.675664790815695
DTO,16.920345054007928
CMN,17.666955882616477
BP,17.87186934310897
TH,18.420784579780697
GA,18.510734682016285
KG,20.123804684204714
AM,23.903561176348376
