submission,score
MP,37.48776958657154
BTGH,38.968407644418306
TBGAM,39.40335740590967
CC,39.517088395244194
BM,40.16922763695967
DTO,43.04151000324839
JMS,43.4983527400498
GA,44.670532684939424
TH,44.90155809410054
BP,45.13994985424806
CMN,45.34494257329207
KG,69.44190795537622
AM,90.7815635750093
