submission,score
MP,27.412694644724247
BTGH,28.37044255412318
TBGAM,28.713852219697536
BM,28.814950726483385
JMS,29.9646106055006
DTO,30.270565063781042
CMN,31.779451734216025
TH,31.915648635924647
KG,32.522253449936784
BP,32.57984036820487
GA,33.08681915795813
AM,77.07350149364675
