submission,score
MP,32.09366347703826
CC,32.70146538282262
BTGH,32.710324031938846
TBGAM,33.227075858036294
BM,33.6512145869674
JMS,34.70582147924829
DTO,35.58901214031097
TH,36.07263311384679
CMN,36.32629849076774
BP,36.966288412508234
KG,36.98996348942404
GA,37.982744619827216
AM,82.14860727990722
