submission,score
MP,36.59240941034903
BTGH,38.18241753943496
TBGAM,38.335820198583725
CC,38.53012774190131
BM,38.84819761613107
JMS,42.128844697029976
DTO,42.344188120733804
GA,42.94816370667074
TH,43.46574609168468
CMN,43.817863433960554
BP,44.29743740098093
KG,68.5017061179545
AM,89.30638449122571
