submission,score
MP,38.33479231417341
BTGH,39.997248814792314
CC,40.649137776095294
TBGAM,40.84848790932828
BM,41.45192818190346
DTO,44.422681548425146
JMS,44.82229733110112
GA,45.81513268804489
SE,46.405922025773975
BP,46.699847360537
CMN,47.581076925440925
TH,47.63376578682913
KG,71.3602535221102
AM,92.02402115328461
