submission,score
MP,32.55235553726673
CC,33.12400548869347
BTGH,33.15513257121692
TBGAM,33.8880481839939
JMS,34.96508844530055
BM,35.03533627006248
DTO,35.92596289140197
CMN,37.3899245990866
KG,37.53202694862029
TH,38.07196675875725
BP,38.27004914011864
GA,38.947247109430066
AM,82.42084318104435
