submission,score
MP,35.60322090419774
BTGH,36.15416945623124
TBGAM,36.993908761449696
CC,37.31061365721644
BM,38.6395721005609
JMS,40.04543529378875
DTO,40.42985415511323
BP,42.12170797902739
CMN,42.49684085760422
TH,43.53165242962856
GA,43.56062197460316
KG,66.85107268187183
AM,87.36856750400773
