submission,score
MP,36.59240941034903
BTGH,38.18241753943496
TBGAM,38.335820198583725
CC,38.53012774190131
BM,40.16053358471729
JMS,42.128844697029976
DTO,42.344188120733804
BP,44.29743740098093
GA,45.00046395867458
CMN,45.10532896925096
TH,45.96130741781381
KG,68.5017061179545
AM,89.30638449122571
