submission,score
MP,39.328792498753785
BTGH,40.965374888456225
CC,41.75877151357782
TBGAM,42.12650485500824
BM,42.85455716945812
DTO,45.27153561907966
JMS,46.1907399863429
GA,46.645967569606015
SE,47.38808481585311
BP,47.77512790994783
CMN,49.118762083207116
TH,49.224142838624225
KG,71.9527161555429
AM,93.97153827282564
