submission,score
MP,34.72171428015699
BTGH,34.91805671734651
CC,35.36589903160896
TBGAM,35.84386511329822
BM,37.15142785430238
JMS,37.57731496210081
DTO,38.07334072009363
BP,39.921339157756954
CMN,40.30633903692313
TH,40.87908557217056
GA,41.6603213367994
KG,65.76475253433195
AM,83.68352866527974
