submission,score
BM,12.591647971032573
MP,12.958929664421625
TBGAM,13.756794983996901
BTGH,14.273053691657134
JMS,14.562140991478662
DTO,14.759824467843018
CMN,14.949358076754788
BP,15.283229426981674
TH,16.13153366601823
KG,16.899276012841053
GA,16.978372785995525
AM,23.74747441883165
