submission,score
MP,38.777040708375154
BTGH,40.506605517950625
CC,40.985653902243705
TBGAM,41.40523182503927
BM,42.11829562877695
DTO,44.682748453843956
JMS,45.00983245494796
GA,46.14159540066697
SE,46.87512597484915
BP,47.39292854327485
TH,47.92075457942289
CMN,48.00878754612459
KG,71.59938418905186
AM,93.34940857950099
